{"cameraMode":{"drawMode":0,"name":"Shaded","section":"Shading Mode"},"sceneLighting":true,"audioPlay":false,"sceneViewState":{"showFog":true,"showMaterialUpdate":false,"showSkybox":false,"showFlares":true,"showImageEffects":true,"showParticleSystems":true},"in2DMode":false,"pivot":{"x":90.15513610839844,"y":299.76348876953127,"z":-682.0555419921875},"rotation":{"x":-0.03329525515437126,"y":-0.02188880369067192,"z":0.0007287792395800352,"w":-0.9992084503173828},"size":81.39410400390625,"orthographic":false}