{"cameraMode":{"drawMode":0,"name":"Shaded","section":"Shading Mode"},"sceneLighting":true,"audioPlay":false,"sceneViewState":{"showFog":true,"showMaterialUpdate":false,"showSkybox":false,"showFlares":true,"showImageEffects":true,"showParticleSystems":true},"in2DMode":false,"pivot":{"x":286.4646911621094,"y":331.77703857421877,"z":-1079.4415283203125},"rotation":{"x":-0.12741799652576447,"y":-0.026184650138020517,"z":0.003363989293575287,"w":-0.9915025234222412},"size":0.9949873685836792,"orthographic":false}